CNN,the_geom,SpeedLimit,STREETNAME,Over_pct,O5mph_pct,Speed_avg,SpeedO_avg,Spd5O_avg,Nearby_Trees
6709000,"LINESTRING (-122.39031948388298 37.78813450234439, -122.39117965804613 37.787455186972764)",30,HARRISON ST,39.77,11.11,28.4,33.76,38.32,2.0
6719000,"LINESTRING (-122.39961623244395 37.78079148306888, -122.40184327335723 37.77903213358389)",30,HARRISON ST,48.0,15.0,29.55,33.88,38.0,17.0
194101,"LINESTRING (-122.38775628064698 37.75283561191084, -122.38767895622722 37.75275271855192, -122.38757222629916 37.751639193810746, -122.38763397457048 37.7515596035663)",30,3RD ST,58.5,25.5,31.26,34.89,38.63,14.0
156000,"LINESTRING (-122.46093126968522 37.77923467970178, -122.46079634101544 37.77738032552368)",0,3RD AVE,54.57,15.55,24.32,28.72,33.05,14.0
185103,"LINESTRING (-122.38945760584184 37.77111410858067, -122.38941428467454 37.77066089211494)",35,3RD ST,63.0,18.0,31.09,33.97,38.89,0.0
188101,"LINESTRING (-122.38873799832506 37.76304827898269, -122.388656045785 37.76295566963067, -122.38862974615532 37.76185845019952, -122.38868401627488 37.7617664444665)",30,3RD ST,50.5,13.5,30.04,33.91,39.15,11.0
208101,"LINESTRING (-122.38958738016719 37.737955395830646, -122.38956115842146 37.737842639647276, -122.38977508356065 37.73723583567491, -122.38986446223718 37.73716953253406)",30,3RD ST,15.08,4.52,25.34,33.5,37.0,16.0
215101,"LINESTRING (-122.39152135053084 37.732431908098924, -122.39151389560904 37.73226259244795, -122.39169230631661 37.731752624084756, -122.3917971559106 37.73164354592595)",30,3RD ST,19.9,3.88,25.98,33.1,37.62,3.0
226101,"LINESTRING (-122.39492615227621 37.723972563815195, -122.39492330467891 37.723829988747326, -122.39515648833425 37.72331688863376, -122.39526464711122 37.723222334586296)",30,3RD ST,41.0,9.0,28.48,33.34,38.11,4.0
335000,"LINESTRING (-122.40561526669445 37.778505104812936, -122.40506850926839 37.7780689813613)",25,6TH ST,68.0,23.5,26.75,29.17,33.28,13.0
252000,"LINESTRING (-122.40426687250145 37.78447874487484, -122.403711753445 37.784044438029106)",0,4TH ST,57.0,9.0,25.1,27.79,32.0,2.0
259000,"LINESTRING (-122.39961623244395 37.78079148306888, -122.39907963433104 37.78036288754962)",0,4TH ST,69.0,32.0,27.35,30.12,33.72,3.0
261000,"LINESTRING (-122.39859952108503 37.779979400500466, -122.39805994016146 37.77956691079729)",0,4TH ST,42.0,16.0,29.1,34.26,37.94,15.0
263000,"LINESTRING (-122.39753890650911 37.7791322234556, -122.39706171615023 37.778751053428685)",0,4TH ST,74.0,35.0,27.7,29.77,32.86,18.0
19397000,"LINESTRING (-122.36981739411644 37.72917407811868, -122.36993974821738 37.72908074579415, -122.37047756505763 37.72903354710474, -122.37054481735885 37.729061679548295, -122.37200569751843 37.72987387508275)",35,INNES AVE,71.5,39.5,37.85,40.99,44.22,0.0
15106101,"LINESTRING (-122.46830960848636 37.73741714787296, -122.46843197779349 37.737282821509076, -122.46876259264766 37.73705468588605, -122.46924791014459 37.73664760505967)",35,PORTOLA DR,23.5,5.0,31.35,38.38,43.5,15.0
13746000,"LINESTRING (-122.46584491055397 37.738493639687, -122.46474557803421 37.73788548012592, -122.46313558981997 37.73702335603207)",0,YERBA BUENA AVE,13.84,2.07,20.11,27.97,33.49,0.0
13704000,"LINESTRING (-122.44798149228923 37.784017710626465, -122.44935811267135 37.783691644169096)",0,WOOD ST,21.74,4.54,20.02,28.48,34.08,2.0
13715101,"LINESTRING (-122.45546673270553 37.74632798058652, -122.45537483789916 37.74634840873165, -122.45481490346566 37.74621680510058, -122.45472196206396 37.74617825570022, -122.45466409734844 37.746106168279304)",35,WOODSIDE AVE,29.0,6.5,32.8,38.21,42.38,1.0
13608000,"LINESTRING (-122.42787939090178 37.742015444971685, -122.42765222204457 37.73966839921917)",0,WHITNEY ST,30.04,7.79,20.57,28.58,33.1,16.0
13466000,"LINESTRING (-122.46580699038532 37.74357405033044, -122.46672191799043 37.74142180223564, -122.4667147440057 37.74132372644302)",0,WAWONA ST,58.19,25.0,25.2,29.61,33.09,8.0
13467000,"LINESTRING (-122.4667147440057 37.74132372644302, -122.46670296679036 37.7411626962054, -122.4679969732144 37.74000565262412)",0,WAWONA ST,28.0,4.41,21.45,28.17,34.41,14.0
13485000,"LINESTRING (-122.48997093859626 37.73795698323059, -122.49036418758571 37.737929559266504)",0,WAWONA ST,11.43,0.82,19.0,27.36,32.0,12.0
13271000,"LINESTRING (-122.50221539514892 37.73814479608996, -122.50328834679024 37.73809779085532)",25,VICENTE ST,33.62,6.71,21.71,28.29,33.47,0.0
13250000,"LINESTRING (-122.48078675364746 37.739088755933615, -122.4818587389928 37.739041547005485)",25,VICENTE ST,13.14,0.43,21.13,27.24,34.32,10.0
13060000,"LINESTRING (-122.42188644602435 37.76491737813413, -122.42173152251404 37.76329976824433)",0,VALENCIA ST,10.36,1.43,17.6,27.88,33.35,2.0
13045000,"LINESTRING (-122.40533110376126 37.75306383196333, -122.40520770295953 37.7517869481256)",0,UTAH ST,30.86,4.1,21.72,27.78,32.87,5.0
12959000,"LINESTRING (-122.47237927964163 37.7268209001606, -122.47245295470996 37.72554991520805)",0,JUNIPERO SERRA BLVD,100.0,100.0,41.05,41.05,41.05,19.0
12789000,"LINESTRING (-122.46856109909504 37.74150334575455, -122.46867168934638 37.74148773895514, -122.46903011416609 37.74147206091875)",0,ULLOA ST,53.5,13.5,25.18,28.36,32.37,16.0
12719000,"LINESTRING (-122.41405376455539 37.78279444601821, -122.4156938720626 37.78258503321158)",25,TURK ST,34.0,7.0,23.45,28.32,33.43,3.0
12727000,"LINESTRING (-122.42720275587806 37.78111712713572, -122.4273236168325 37.78111007298294, -122.43042441485773 37.78071557320852)",30,TURK ST,39.0,13.0,28.6,34.05,38.15,6.0
12731000,"LINESTRING (-122.4354245156999 37.780077637870676, -122.43707186507035 37.77986739581174)",30,TURK ST,55.0,14.0,30.2,33.55,38.07,11.0
12738000,"LINESTRING (-122.44369911016992 37.77903801878579, -122.44534674008537 37.778836632740585)",30,TURK BLVD,71.5,29.0,32.32,34.64,38.52,2.0
12744000,"LINESTRING (-122.44976707894695 37.77827700835063, -122.45065481247336 37.77816459877842)",30,TURK BLVD,27.5,8.0,27.55,33.82,38.25,2.0
12636000,"LINESTRING (-122.41347759696401 37.73706991116187, -122.41285757197613 37.73703468876026)",0,TOMPKINS AVE,0.0,0.0,12.68,0.0,0.0,15.0
12647000,"LINESTRING (-122.40095239441399 37.73526139504263, -122.39993559571471 37.734259793343085, -122.39964528995162 37.73406423771741, -122.39937988508176 37.733957716183355)",0,TOPEKA AVE,10.55,0.82,18.31,27.39,32.0,5.0
12554101,"LINESTRING (-122.3954052699615 37.79668289582593, -122.39555962034542 37.79668608699367, -122.39604021146992 37.79720080862575, -122.39668399724364 37.79794139897773, -122.3976973264045 37.79906891174478, -122.39766994898069 37.79923448263957)",30,THE EMBARCADERO,46.0,14.5,29.55,33.96,38.21,49.0
12556102,"LINESTRING (-122.3991302425134 37.800896477147404, -122.39932434849686 37.800911294114655, -122.4019268456456 37.8038539347208, -122.40197342698973 37.804072250274515)",35,THE EMBARCADERO,20.5,6.0,31.15,38.95,43.67,65.0
12522000,"LINESTRING (-122.44212764839804 37.78152887542786, -122.44251012606782 37.78150466780478, -122.44297217999649 37.78146039765028)",0,TERRA VISTA AVE,25.72,5.42,20.86,28.23,32.83,1.0
12547101,"LINESTRING (-122.38830606804734 37.78179823552144, -122.38839525522097 37.781910111690856, -122.38838141443664 37.78213856483651, -122.38837481172747 37.782480149826505, -122.38820828007321 37.784631238170434, -122.38802334377449 37.78477361420571)",30,THE EMBARCADERO,62.5,19.0,31.22,34.1,38.92,15.0
12549101,"LINESTRING (-122.38779488958166 37.787097239285806, -122.38798369717358 37.78718728580906, -122.38796705980857 37.78754912454939, -122.38799331456525 37.78792691461557, -122.38807225377619 37.78820085543927, -122.38820645474166 37.788755839161695, -122.38837956828662 37.789104392292415, -122.38851961442104 37.78937224614184, -122.38848118729011 37.78957191885586)",30,THE EMBARCADERO,57.5,18.5,30.72,33.9,37.89,1.0
12485000,"LINESTRING (-122.38948581265235 37.76043527764679, -122.38924822367007 37.75788366360378)",0,TENNESSEE ST,22.66,6.1,19.31,28.99,34.39,17.0
12498000,"LINESTRING (-122.4522688559932 37.745173812019665, -122.45162570400673 37.74450281349253)",25,TERESITA BLVD,53.73,7.6,24.53,27.75,32.29,4.0
12507000,"LINESTRING (-122.44785152330839 37.739850696191425, -122.44697024829951 37.73962971997327)",25,TERESITA BLVD,40.0,5.5,33.62,37.75,42.45,6.0
12514000,"LINESTRING (-122.44640535677203 37.73560224050943, -122.44637764747782 37.735416116925364, -122.44629065136056 37.7352243224459)",25,TERESITA BLVD,44.67,19.31,22.77,29.79,33.46,1.0
12516000,"LINESTRING (-122.44583448154924 37.73486261736613, -122.4453536365198 37.73454879373677)",25,TERESITA BLVD,12.53,2.93,18.6,28.38,32.91,2.0
12386000,"LINESTRING (-122.46685949714336 37.74349086286303, -122.46774774405704 37.74341262248283)",25,TARAVAL ST,94.0,55.5,30.48,31.02,33.8,9.0
12382000,"LINESTRING (-122.46368599563952 37.74374940984558, -122.46473679875139 37.74365862553025)",25,TARAVAL ST,64.66,21.48,25.82,29.02,33.08,8.0
12276101,"LINESTRING (-122.49574937889072 37.76087401671471, -122.49581078522762 37.760761294969974, -122.49569300378357 37.759073114899955, -122.49561722364386 37.75900449737251)",35,SUNSET BLVD,26.0,7.0,32.28,38.54,42.71,1.0
12286101,"LINESTRING (-122.49444328435065 37.74222502748211, -122.49436246435265 37.74211856509456, -122.49424532947043 37.74044355981483, -122.49431259733035 37.740356324229)",35,SUNSET BLVD,34.5,9.0,33.5,38.45,42.56,0.0
12267000,"LINESTRING (-122.41600027990437 37.711914556425356, -122.41673852522835 37.71211812739109, -122.41757733810954 37.71230218622345, -122.4180281374203 37.7123352706831, -122.41828342090774 37.71234914691969)",25,SUNNYDALE AVE,15.56,3.1,19.32,28.89,36.49,0.0
12199001,"LINESTRING (-122.40695698700237 37.78943368220262, -122.40713171596487 37.790368470378965)",0,STOCKTON ST,98.0,87.5,35.56,35.84,36.9,1.0
12225000,"LINESTRING (-122.40695698700237 37.78943368220262, -122.40714880508733 37.790366312279, -122.40734001687281 37.79129597413024, -122.40753604030955 37.79224900643399, -122.40772718648995 37.793178301746096)",0,STOCKTON TUNL,98.0,87.5,35.56,35.84,36.9,8.0
12106000,"LINESTRING (-122.4488494360301 37.72907259684092, -122.45113130644259 37.72906230811298)",0,STAPLES AVE,19.22,2.82,19.01,27.87,32.94,7.0
12112000,"LINESTRING (-122.45212262620957 37.749350776584514, -122.4518838551494 37.749455133784224, -122.45172741820141 37.74957776384573, -122.45161866665889 37.74975628849546, -122.45158814350364 37.74997025332834, -122.45158769095302 37.75124437210682)",0,STARVIEW WAY,64.13,25.0,25.75,29.37,33.09,0.0
12077000,"LINESTRING (-122.45584313016997 37.77994148744917, -122.45568432084188 37.779725827545434, -122.45557415997841 37.779476507300814, -122.45544207957789 37.77882754236063)",0,STANYAN BLVD,85.38,45.06,28.76,30.18,33.03,10.0
12097000,"LINESTRING (-122.45239988992107 37.76366948230313, -122.45223304304261 37.76284256130301)",25,STANYAN ST,48.5,9.5,24.3,27.98,32.0,13.0
12026000,"LINESTRING (-122.41702581508129 37.760367022775384, -122.41687248138003 37.758764228861914)",25,SOUTH VAN NESS AVE,67.0,19.5,26.22,28.53,32.26,17.0
12030000,"LINESTRING (-122.41641348910268 37.75396776973201, -122.41626551027281 37.75237278853237)",25,SOUTH VAN NESS AVE,69.0,18.5,26.38,28.63,33.08,12.0
12053000,"LINESTRING (-122.48816697023463 37.734074769968, -122.48811884604187 37.73336351435742)",0,SPRINGFIELD DR,34.6,9.6,20.59,28.74,33.26,0.0
11992000,"LINESTRING (-122.48237185651821 37.766770185414586, -122.48260562136524 37.76673650410351, -122.48329168070433 37.766569362215755, -122.48356459499259 37.76654942908557, -122.48384625987104 37.76654688058846, -122.48415652726771 37.7665811060149, -122.48441791922396 37.766646834954585, -122.48462720691322 37.766726590606716, -122.48490692121707 37.76685775663841, -122.485223707471 37.766929126374784, -122.48535663848548 37.766942228227045, -122.4855995360244 37.76693594499801, -122.48583896883244 37.76690342169102, -122.48610242960622 37.766839810493046, -122.48632630112854 37.76674180082746, -122.48672393638047 37.76653128564755, -122.48703974027678 37.76635940381919, -122.48755908801603 37.76605259654955, -122.48785327122286 37.765898610475226, -122.48807167342459 37.76580288139957, -122.4882688687946 37.765740382996555, -122.48868886871453 37.7656434437274, -122.48935451975892 37.7655107807401, -122.4900198322452 37.76541912748469, -122.49042457281305 37.76539337023936, -122.49073715599506 37.76539409534543, -122.49100360220672 37.76540968346048)",25,MARTIN LUTHER KING JR DR,95.0,68.5,31.48,32.03,33.97,0.0
11996000,"LINESTRING (-122.50085701611215 37.76484590706106, -122.50280737576136 37.765199707636825, -122.50285122033398 37.7652218395854, -122.50411688820957 37.76552587434096)",25,MARTIN LUTHER KING JR DR,87.0,54.5,30.08,31.37,33.97,0.0
11961202,"LINESTRING (-122.50006255724425 37.73490489999271, -122.50049339104193 37.73510502393346, -122.50090187634807 37.73525277356798, -122.50109748320293 37.735206481262736)",35,SLOAT BLVD,47.0,13.5,34.45,38.7,42.93,1.0
11970000,"LINESTRING (-122.40755640506806 37.726599245981895, -122.4070564614048 37.72539994989487)",0,SOMERSET ST,17.72,1.83,19.35,27.6,32.77,6.0
11950101,"LINESTRING (-122.47156934115623 37.734706810838965, -122.47174814305927 37.73461845289046, -122.47234167181911 37.73460617258865)",35,SLOAT BLVD,52.0,13.0,34.75,38.59,43.35,0.0
11950102,"LINESTRING (-122.47234167181911 37.73460617258865, -122.4732272265603 37.734587991315756)",35,SLOAT BLVD,21.0,2.5,30.95,37.6,42.0,0.0
11902000,"LINESTRING (-122.42373998172697 37.72875993710349, -122.42266589884596 37.72882232306874)",0,SILVER AVE,76.0,25.5,27.2,29.01,32.98,5.0
11917000,"LINESTRING (-122.41139440354169 37.730607896290095, -122.41057199507428 37.73091940088383, -122.41050984242051 37.73093843497471)",0,SILVER AVE,76.5,26.5,27.28,28.93,32.57,2.0
11929000,"LINESTRING (-122.40285586584602 37.734073203834704, -122.40266489301932 37.734192414698704)",0,SILVER AVE,52.64,17.41,24.89,29.03,33.14,3.0
11935000,"LINESTRING (-122.40035733577447 37.73558082185353, -122.39855590179268 37.73643307660435)",0,SILVER AVE,48.73,9.95,24.3,28.26,33.16,14.0
11842000,"LINESTRING (-122.41517228932517 37.75243964534755, -122.41501433103663 37.750836981539926)",0,SHOTWELL ST,17.07,3.26,18.7,28.43,34.52,16.0
11558000,"LINESTRING (-122.40278966477491 37.80124217205838, -122.4029736764744 37.80216674957772)",25,SANSOME ST,62.0,23.0,25.85,28.94,32.22,2.0
11571000,"LINESTRING (-122.46610726137594 37.736688189826, -122.46628365317999 37.736301224768894, -122.4663228531631 37.73608688377503, -122.46631983169107 37.735887478770195, -122.46624768051798 37.73493714332398)",0,SANTA CLARA AVE,65.72,17.34,26.41,29.11,35.0,0.0
11572000,"LINESTRING (-122.46624768051798 37.73493714332398, -122.46619904425859 37.73411052223016, -122.46611896599569 37.73384509904652, -122.46597247766272 37.733554687818504, -122.46565867824413 37.733152898843656)",0,SANTA CLARA AVE,33.87,6.66,23.44,29.55,39.96,0.0
11510000,"LINESTRING (-122.43103777930146 37.76599632954526, -122.43102547100516 37.765867986419856)",0,SANCHEZ ST,66.5,20.0,26.48,28.95,33.5,28.0
11514000,"LINESTRING (-122.43066230466687 37.76208088074386, -122.4306501767196 37.761954408272025)",0,SANCHEZ ST,7.87,1.52,17.14,27.97,32.0,13.0
11465000,"LINESTRING (-122.45095624579582 37.715493512443096, -122.45190833014408 37.71438065934563, -122.45217408406953 37.71410376283526)",25,SAN JOSE AVE,94.74,63.16,31.14,31.65,33.97,17.0
11439102,"LINESTRING (-122.42843698063227 37.7349509495691, -122.42956694499347 37.734323178607085)",0,SAN JOSE AVE,100.0,100.0,47.14,47.14,47.14,8.0
11442000,"LINESTRING (-122.43845939730242 37.72991244401491, -122.43885364150283 37.72966897771095)",0,SAN JOSE AVE,92.5,61.5,30.75,31.49,33.75,2.0
11453000,"LINESTRING (-122.44238719041059 37.7257926849676, -122.44306587599422 37.724988297316564)",0,SAN JOSE AVE,91.0,52.0,30.38,31.2,34.36,29.0
11437201,"LINESTRING (-122.42266944527634 37.74394224105161, -122.4227627241236 37.743855489491054, -122.42304255252458 37.74311400037415)",30,SAN JOSE AVE,45.5,16.0,29.35,34.2,38.25,25.0
11394000,"LINESTRING (-122.39954775393882 37.71539031772135, -122.39956662502377 37.715201029691556, -122.39969737306903 37.71501050433646, -122.39993972483359 37.714875377480844, -122.40044937100231 37.71473093961955)",25,SAN BRUNO AVE,54.73,18.12,24.8,29.06,33.22,5.0
11341000,"LINESTRING (-122.46729818441463 37.73713231612272, -122.46715741389448 37.73498673563266, -122.46713480687474 37.73489826502186)",0,SAN BENITO WAY,40.32,10.3,23.18,28.5,32.86,0.0
11342000,"LINESTRING (-122.46713480687474 37.73489826502186, -122.46699849012002 37.7330921418088)",0,SAN BENITO WAY,38.47,8.35,22.65,28.28,32.9,0.0
11282000,"LINESTRING (-122.45900546805248 37.71138732989201, -122.46206325742028 37.71137272923072)",30,SAGAMORE ST,69.0,24.0,31.92,34.41,38.94,1.0
11193000,"LINESTRING (-122.43318514322128 37.71968063717436, -122.4323851865974 37.71929846234561)",0,RUSSIA AVE,10.93,0.73,19.29,27.48,34.24,9.0
11147101,"LINESTRING (-122.44379547009098 37.76329559589889, -122.44381245748008 37.763243184437776, -122.4445625290764 37.76254482727439, -122.44466762608208 37.762495721355805)",0,ROOSEVELT WAY,82.68,34.37,28.0,29.5,33.03,4.0
11140000,"LINESTRING (-122.43729899391924 37.76722193011006, -122.43729182961654 37.767045826512714, -122.43728860136865 37.7669220471515, -122.43733380009574 37.76676217182191, -122.43748539527317 37.766644322833564, -122.43768472736237 37.76658711529395, -122.43787937479313 37.76661079518684, -122.43821962632747 37.766701399013336, -122.43829138374649 37.766725780459346)",0,ROOSEVELT WAY,43.89,4.0,24.04,27.77,35.44,5.0
11142000,"LINESTRING (-122.43950184020574 37.76657552470472, -122.44124168287459 37.76527085846609)",0,ROOSEVELT WAY,85.09,46.45,28.8,30.32,33.09,0.0
11027000,"LINESTRING (-122.45339429451901 37.72983659368038, -122.45340856148115 37.73067203616769)",0,RIDGEWOOD AVE,25.54,3.59,21.47,27.86,33.12,15.0
11030000,"LINESTRING (-122.453419052445 37.73230557092724, -122.45342500478004 37.73303961746485)",0,RIDGEWOOD AVE,1.84,0.0,17.02,27.0,0.0,9.0
10977000,"LINESTRING (-122.38829225816728 37.73060610288352, -122.39016440092462 37.73166293871902)",0,REVERE AVE,38.1,9.68,22.73,28.69,33.67,11.0
10814000,"LINESTRING (-122.38772939004261 37.73123178855106, -122.38960059961366 37.7322899622619)",0,QUESADA AVE,51.05,20.0,25.17,30.84,36.81,12.0
10792000,"LINESTRING (-122.43170028732416 37.764324012289656, -122.43154484001013 37.762703174030534)",0,PROSPER ST,0.0,0.0,15.54,0.0,0.0,4.0
10662000,"LINESTRING (-122.40741973740488 37.76448782956115, -122.40730484745531 37.76318780190267)",25,POTRERO AVE,73.0,35.5,27.62,29.91,32.99,4.0
10668101,"LINESTRING (-122.40669900153416 37.75683373379676, -122.40663134657902 37.756746463900576, -122.40658829424186 37.756257190019014, -122.40663579991313 37.75616698371996)",25,POTRERO AVE,80.0,35.5,28.3,30.03,33.83,7.0
10618102,"LINESTRING (-122.45574766762053 37.74207462214197, -122.45595053830048 37.741850549926276, -122.45619257025538 37.741657550518205, -122.45746755316897 37.74096880687782)",35,PORTOLA DR,54.5,21.0,35.52,39.11,42.48,11.0
10611101,"LINESTRING (-122.44334726357057 37.750082608932566, -122.44329358628013 37.749995773197824, -122.44343608538648 37.74942040483684, -122.44357285829695 37.74914658271028, -122.4437165509538 37.748999169399525, -122.44394712553985 37.748694570959884, -122.44411482493761 37.74835989361999, -122.44407674695357 37.74802861007073, -122.44401157922478 37.74778593850812, -122.44402119636293 37.74752906737012, -122.44416576757932 37.74724543646208, -122.44432553670823 37.747084440564024, -122.44455366420107 37.74697474615001, -122.44471083617618 37.74691994706296, -122.44484722572241 37.74694537287518)",35,PORTOLA DR,12.5,2.5,29.82,38.0,42.0,1.0
10539000,"LINESTRING (-122.50622149138731 37.77989536050415, -122.50729998209498 37.77998209446551)",30,POINT LOBOS AVE,25.5,5.0,26.92,33.18,38.0,20.0
10544000,"LINESTRING (-122.5114241395776 37.77940966364196, -122.51169499726016 37.77926478365743, -122.51184653979999 37.77918611630312, -122.51207542618242 37.77910195948124, -122.51228691951744 37.779054576668706, -122.51250833729918 37.779034121495435, -122.51266068272204 37.77903360533443, -122.5128514388177 37.77904493948737, -122.51302068216043 37.779037880657754, -122.51318179365956 37.77902158031063, -122.51336032434502 37.77896954754904, -122.51349125429927 37.77890582100915, -122.51356801893937 37.77883051297347, -122.51359920122842 37.77876953187072, -122.51361671888608 37.77868898204804, -122.51361203196373 37.778612980731374, -122.51357990064861 37.77849367418112, -122.5133497724333 37.778047367939514, -122.51328304386635 37.777959919656155, -122.51320757786343 37.77788929611952, -122.51310962505572 37.77781280283986, -122.51301340806312 37.777751912706236, -122.51291271663166 37.77767129687455, -122.51279668106375 37.777557592766506, -122.51265951394394 37.777391095365786, -122.51252810687329 37.77724325958398, -122.51242682380408 37.77714076786247, -122.51228701852668 37.77702225717005, -122.51213157271695 37.77690818243121, -122.51193832557027 37.77675619051675)",30,POINT LOBOS AVE,43.0,9.5,28.8,33.16,37.26,0.0
10491000,"LINESTRING (-122.44191562000121 37.78690033075331, -122.44355977881911 37.786690919143446)",30,PINE ST,35.0,4.0,28.35,32.71,38.25,4.0
10517000,"LINESTRING (-122.45607963465534 37.71578782706015, -122.45608692019452 37.7166304793403)",25,PLYMOUTH AVE,36.76,7.68,22.79,28.18,32.66,2.0
10526000,"LINESTRING (-122.4565821245703 37.725808651580174, -122.45643702502817 37.72627720750182, -122.45641826732825 37.726494514077324, -122.45642154822892 37.72661915052194, -122.45645163408238 37.72675467739977, -122.45651759395643 37.727168139765965, -122.45653703904792 37.72758998178306)",25,PLYMOUTH AVE,20.42,3.74,19.22,28.05,32.75,15.0
10471000,"LINESTRING (-122.41226618705585 37.79067278390388, -122.4139158795537 37.79046311471932)",30,PINE ST,22.0,3.0,26.65,32.68,37.0,20.0
10482000,"LINESTRING (-122.42871211101247 37.78857706793374, -122.43035591803937 37.788368312545764)",30,PINE ST,21.0,3.0,26.45,32.95,38.67,5.0
10390000,"LINESTRING (-122.4523315610493 37.723080243335374, -122.45238150496925 37.72786836934809, -122.4523278681689 37.72830349291029)",25,PHELAN AVE,78.11,29.35,27.47,29.1,32.59,10.0
10391000,"LINESTRING (-122.4523278681689 37.72830349291029, -122.45244157069835 37.72850248311112)",0,PHELAN AVE,78.11,29.35,27.47,29.1,32.59,3.0
10336000,"LINESTRING (-122.39312262863012 37.757650785149416, -122.39288410026582 37.75509563879601)",0,PENNSYLVANIA AVE,86.5,47.0,29.52,30.76,33.91,12.0
10338000,"LINESTRING (-122.3926393865324 37.75254468285339, -122.39257792464414 37.75194219876596)",0,PENNSYLVANIA AVE,83.0,45.5,28.82,30.31,33.04,21.0
10309000,"LINESTRING (-122.39834811455707 37.723036159255415, -122.39921440712865 37.7232423906115)",0,PAUL AVE,54.97,18.02,24.65,28.99,33.08,1.0
10223000,"LINESTRING (-122.39096788915649 37.73401387234893, -122.39277593107242 37.7350381011961)",0,PALOU AVE,54.5,10.5,25.08,28.01,32.24,4.0
9876301,"LINESTRING (-122.42375837906793 37.772957392587635, -122.42383502648964 37.77304318681842, -122.42398548301425 37.77378867496743, -122.42394706119438 37.7738892381271)",30,OCTAVIA ST,0.96,0.0,17.26,32.0,0.0,21.0
9877101,"LINESTRING (-122.4240118881786 37.773403973467104, -122.42408533264079 37.77377597831218, -122.42394706119438 37.7738892381271)",0,OCTAVIA ST,3.07,0.06,16.2,27.1,32.0,23.0
9836201,"LINESTRING (-122.46531261927731 37.72640527570436, -122.46537958725779 37.72647994778291, -122.46564424723255 37.726581414489694, -122.46599238200993 37.72678493485089, -122.46607319925963 37.726785003830265)",25,OCEAN AVE,83.5,33.5,28.22,29.49,33.19,20.0
9821101,"LINESTRING (-122.45513565871254 37.72367236521493, -122.45518071169347 37.72365346036857, -122.45611300187176 37.72385030834797, -122.45615046550739 37.7238866358439)",25,OCEAN AVE,35.5,4.0,23.75,27.56,32.0,16.0
9790000,"LINESTRING (-122.39409283308188 37.736728652059455, -122.39511932951234 37.73731363187178)",30,OAKDALE AVE,32.0,3.0,27.65,32.47,37.0,5.0
9794000,"LINESTRING (-122.39968548768056 37.73990197393598, -122.40155570068472 37.74096192799509)",30,OAKDALE AVE,54.5,14.0,30.02,33.47,37.71,12.0
9809101,"LINESTRING (-122.43880857361147 37.723601276135064, -122.43890880618375 37.72355821596572, -122.43976106189213 37.723459699003406, -122.43985044107559 37.72348084084929)",25,OCEAN AVE,80.0,24.0,27.25,28.62,32.42,15.0
9747101,"LINESTRING (-122.45162398710133 37.74553423747465, -122.45150431163114 37.745460534292526, -122.4505184816214 37.74424903210567, -122.45019631475985 37.74386231756745, -122.44992921547318 37.74352102216628, -122.4497718733693 37.74334185788719, -122.4495256709868 37.74311248456483, -122.44931111598957 37.742977034969094, -122.44910455384908 37.74288956755057, -122.44880174728775 37.74281260292913, -122.44847739004368 37.74276985125174, -122.44737498240463 37.74267402670759, -122.44709363233866 37.74264481700562, -122.44680910300605 37.74258001916305, -122.44661390422135 37.74249770670777, -122.44646343855094 37.74240930799453, -122.4463490137982 37.74232565991127, -122.44625422417943 37.74222030393544, -122.44617696005197 37.742098618363606, -122.44611288853407 37.74188048712451, -122.44607495036523 37.74154609129804, -122.44602115770805 37.74137768588715, -122.44597848404598 37.74129107066938, -122.44596433012437 37.74119873482513)",35,OSHAUGHNESSY BLVD,40.0,5.5,33.62,37.75,42.45,0.0
9756000,"LINESTRING (-122.42917834353015 37.77418142246692, -122.4308247131891 37.773972520797834)",30,OAK ST,8.0,1.0,24.85,32.62,37.0,8.0
9767000,"LINESTRING (-122.44731242078947 37.77187774246644, -122.4489579941564 37.77166873961301)",30,OAK ST,44.0,11.0,29.35,33.59,38.36,3.0
9695000,"LINESTRING (-122.42036904639833 37.80572025669117, -122.42200682152446 37.80549664848138)",0,NORTH POINT ST,27.0,6.5,22.25,28.57,33.54,7.0
9607000,"LINESTRING (-122.43357220802173 37.76917836920708, -122.43340825877952 37.7674615834069)",0,NOE ST,41.33,8.91,23.33,28.75,35.11,2.0
9520000,"LINESTRING (-122.44308553057724 37.719382879066856, -122.44404447311268 37.720155496865544, -122.4443831750311 37.72042542104196, -122.44464532404467 37.72057906680259, -122.44481148833682 37.72059607583835)",0,NAVAJO AVE,20.77,3.56,19.16,28.19,33.92,1.0
9399000,"LINESTRING (-122.42646815177044 37.72282560320122, -122.42764464762637 37.72125761970109)",0,MOSCOW ST,21.12,5.08,20.32,28.73,34.19,6.0
9275101,"LINESTRING (-122.44202054445508 37.73157396578995, -122.44212231934053 37.73153117767735, -122.44429996530378 37.73151830384416)",30,MONTEREY BLVD,68.34,20.1,31.62,33.99,38.75,7.0
9211000,"LINESTRING (-122.39640513564702 37.761300391369645, -122.39628388304246 37.760025691846266)",0,MISSOURI ST,11.83,1.33,18.76,28.0,35.89,6.0
9150000,"LINESTRING (-122.4263911651591 37.73367501690145, -122.42930439726656 37.73074217301034)",0,MISSION ST,97.0,70.5,32.75,33.08,35.37,1.0
9116000,"LINESTRING (-122.41966897267213 37.765051337287616, -122.4195127368202 37.76342927310514)",0,MISSION ST,26.13,8.59,20.47,30.44,37.45,4.0
9009000,"LINESTRING (-122.46010759247915 37.7703993499992, -122.46076517225997 37.770318474086636, -122.46111117563039 37.77034316249849, -122.46142759474864 37.77032799699545, -122.46180005120073 37.7702865158409, -122.46275923159571 37.77006590710534, -122.46440191084008 37.76966932700393, -122.46475622535331 37.76952472928896, -122.46520118195231 37.76924546936389, -122.46576736798859 37.76879499134077, -122.46629689762929 37.768443200705605, -122.46700443085282 37.76801260088346)",25,MIDDLE EAST DR,52.18,20.35,24.23,29.44,33.25,0.0
8911000,"LINESTRING (-122.45544066912333 37.77561129780831, -122.45647270036223 37.77548326521021)",0,MCALLISTER ST,47.63,13.79,23.41,28.7,32.87,7.0
8842000,"LINESTRING (-122.44762010698393 37.78508363534675, -122.44757854967514 37.784998355198816, -122.44754963572845 37.784906799213026, -122.44714943667059 37.78303067760533, -122.44717303412865 37.782710075707826, -122.44722562322723 37.782575774962915, -122.44730151303307 37.782391642061434)",30,MASONIC AVE,26.0,7.0,26.98,33.73,38.43,0.0
8847000,"LINESTRING (-122.44684647030559 37.77766910898338, -122.44665991209844 37.776741636170556)",0,MASONIC AVE,89.0,29.5,28.25,29.05,33.19,11.0
8772101,"LINESTRING (-122.43941385155185 37.76142456604866, -122.43948061963329 37.76133911468981, -122.43978755054675 37.761191222424024, -122.43999098244782 37.76108633155111, -122.4400585651413 37.761074793797604)",30,MARKET ST,62.63,23.74,31.62,34.62,38.91,19.0
8774101,"LINESTRING (-122.44351704725766 37.76050921040393, -122.44354834610145 37.76043002006751, -122.44378582745425 37.76027572451939, -122.44457201047308 37.7597598871615, -122.44462942834008 37.7597083739108)",35,MARKET ST,39.71,9.31,33.47,38.17,42.0,4.0
8776103,"LINESTRING (-122.44099875770392 37.756218484971164, -122.44097405460951 37.7561153970368, -122.44099893696782 37.75585952877633, -122.44118891754164 37.75558495276476, -122.44160785993594 37.754951042378664, -122.44172860077585 37.754636656200056)",35,MARKET ST,47.24,9.55,34.31,38.12,42.53,2.0
8761101,"LINESTRING (-122.42485259867074 37.770747745587485, -122.42487942331017 37.770656894563366, -122.42620032826625 37.76961867541833, -122.42630943817616 37.7696025973564)",0,MARKET ST,67.68,23.23,26.62,29.09,33.09,8.0
8764101,"LINESTRING (-122.42894856643086 37.767504459546146, -122.42905368741637 37.767311144321255, -122.43059117595652 37.76609529580754, -122.43082439589438 37.76601373099769)",0,MARKET ST,66.5,20.0,26.48,28.95,33.5,6.0
8767101,"LINESTRING (-122.43307447114107 37.76419571317338, -122.43325898009665 37.763988567489136, -122.4344557623874 37.76303891036756, -122.43505109145157 37.762652750748934, -122.43518796222592 37.76267070809733)",0,MARKET ST,61.0,26.5,26.42,29.75,33.32,12.0
8705101,"LINESTRING (-122.43999932364186 37.806077199238956, -122.44012289786447 37.80599758973347, -122.44191024735714 37.80576897345068, -122.442209785162 37.805786274817336)",25,MARINA BLVD,56.5,14.0,25.35,28.33,32.36,1.0
8708101,"LINESTRING (-122.44565006378531 37.805368466809526, -122.4457535057131 37.80532694890055, -122.44721810552971 37.80513832528035, -122.44728687110387 37.80516008975261)",25,MARINA BLVD,56.5,10.5,25.15,28.02,32.48,0.0
8675101,"LINESTRING (-122.4224729886474 37.71788737930189, -122.42249200464359 37.71781584767354, -122.42353005244189 37.71720192417391, -122.42377420187177 37.71709231860237, -122.42402245730548 37.71703653348151, -122.42425826279631 37.71702405865747, -122.4245280184043 37.717064916634314, -122.42465618215617 37.71713189443438)",35,MANSELL ST,54.18,18.89,35.18,39.46,44.06,0.0
8650000,"LINESTRING (-122.44200231911174 37.7330979558661, -122.44432039751379 37.73308768738653)",0,MANGELS AVE,4.63,0.93,18.45,28.71,35.48,3.0
8652000,"LINESTRING (-122.44660096584477 37.73307698454061, -122.44887338634062 37.73306871826487)",0,MANGELS AVE,44.67,19.31,22.77,29.79,33.46,4.0
8669101,"LINESTRING (-122.40500937030887 37.720508680429944, -122.40500283040416 37.72038755276395, -122.40598538440473 37.720131729182974)",25,MANSELL ST,81.5,34.0,28.08,29.48,32.96,5.0
8671202,"LINESTRING (-122.40902190727749 37.719586725305795, -122.41000174550051 37.71933156879178)",25,MANSELL ST,95.05,66.83,31.5,32.03,34.15,13.0
8511000,"LINESTRING (-122.50911129033244 37.75841445278637, -122.50890254357822 37.756551229665625)",25,GREAT HWY,95.0,60.5,31.45,31.95,34.77,7.0
8516000,"LINESTRING (-122.50794154742324 37.74911093708341, -122.5076948949428 37.74724853414757)",25,GREAT HWY,91.0,52.5,30.32,31.15,34.19,3.0
8546000,"LINESTRING (-122.47027377965705 37.75925277356345, -122.47084710252467 37.75922759746408, -122.47126320071183 37.75953041676327, -122.47133434513201 37.75960194341891, -122.47137199535649 37.759680828305385, -122.47138046966626 37.75972707836578, -122.47140857182677 37.76007557266427)",0,LURLINE ST,4.45,0.64,16.61,29.9,47.33,5.0
8549000,"LINESTRING (-122.43168540405343 37.731651525034, -122.43139297186688 37.731009499209925)",0,LYELL ST,58.33,24.22,24.83,29.44,32.87,6.0
8443000,"LINESTRING (-122.41362271463063 37.80275505835911, -122.41371875000068 37.80274320188355)",0,LOMBARD ST,71.0,25.5,26.9,29.39,33.67,5.0
8370101,"LINESTRING (-122.49118581664013 37.76483257200196, -122.49131173971959 37.76478834359374, -122.49209947611809 37.76474935557683, -122.49225762331241 37.764779523571264)",35,LINCOLN WAY,64.5,17.5,35.99,38.57,42.8,3.0
8381101,"LINESTRING (-122.50297641357768 37.76431112773232, -122.50307553073388 37.764271497764035, -122.50391509306344 37.76423238789981, -122.50404877662612 37.764261172502174)",35,LINCOLN WAY,34.33,7.46,32.65,38.16,42.33,1.0
8349101,"LINESTRING (-122.46858299817089 37.76583002851622, -122.46870448488714 37.76577789562424, -122.46952855933856 37.765741451194586, -122.46965384891134 37.76578267066814)",35,LINCOLN WAY,30.0,8.5,31.65,38.5,42.29,4.0
8353101,"LINESTRING (-122.4729227295174 37.76564119105646, -122.47304163268512 37.76558064162735, -122.47393551355152 37.765543145559526, -122.47404531847137 37.76559292360653)",35,LINCOLN WAY,41.0,11.0,33.99,38.56,42.82,0.0
8360101,"LINESTRING (-122.4804690208142 37.76530608901131, -122.48059038361055 37.76526249854623, -122.48141015600014 37.765226934396935, -122.48154100712556 37.76525958264201)",35,LINCOLN WAY,32.0,8.0,32.78,38.56,43.25,3.0
8308000,"LINESTRING (-122.4364681653575 37.722465218304144, -122.43772853949704 37.72295590786846)",0,LEO ST,5.29,0.68,14.16,29.0,42.48,6.0
8320000,"LINESTRING (-122.42050683171837 37.75854472136169, -122.42033834076328 37.756948907556165)",0,LEXINGTON ST,4.88,1.22,15.93,28.5,33.0,23.0
8050101,"LINESTRING (-122.48507678694625 37.71857435924847, -122.48502479361085 37.718534917646345, -122.48502421328793 37.71836398760056, -122.48507594989785 37.718327590709734)",0,LAKE MERCED BLVD,59.3,25.63,41.13,44.43,47.63,0.0
8042000,"LINESTRING (-122.49905897648851 37.731576070276894, -122.49822979448048 37.73137623834845, -122.49800163647066 37.73127783249764)",35,LAKE MERCED BLVD,55.5,15.0,35.4,38.9,44.03,0.0
8046101,"LINESTRING (-122.49054678493627 37.72965201594119, -122.49053656636218 37.729749353826634, -122.49024011711107 37.73005952704517, -122.48999017196577 37.73025277305416, -122.4895749870809 37.73039810822169, -122.48920314706602 37.73043240208067, -122.4888080184701 37.730357419871545, -122.48666621091526 37.72969888413075, -122.48655207266427 37.7295850106079)",35,LAKE MERCED BLVD,50.5,11.5,34.85,38.24,42.43,0.0
7984000,"LINESTRING (-122.4313113209161 37.80144493531299, -122.43149769910559 37.80237629617864)",0,LAGUNA ST,22.95,2.32,21.19,27.72,34.17,1.0
7827101,"LINESTRING (-122.45528260021666 37.768175358553535, -122.45535654120245 37.768126768063716, -122.45554141037536 37.76809019820242, -122.45669930896793 37.76774317996619)",30,KEZAR DR,72.86,31.43,32.0,34.39,37.53,0.0
7833101,"LINESTRING (-122.39184052526359 37.778125697486914, -122.39179954419241 37.777928541992964, -122.39383599654042 37.77632922269216, -122.39403506516257 37.77633297645496)",35,KING ST,9.0,0.5,26.85,37.28,42.0,0.0
7852000,"LINESTRING (-122.47140857182677 37.76007557266427, -122.47244617356067 37.76002920737054)",0,KIRKHAM ST,89.0,36.5,28.52,29.33,32.68,19.0
7853000,"LINESTRING (-122.47244617356067 37.76002920737054, -122.47365232667987 37.759975299843084)",0,KIRKHAM ST,82.31,30.5,27.84,29.38,33.43,10.0
7675000,"LINESTRING (-122.49735323266646 37.7608032342564, -122.49842450319494 37.760755943480596)",25,JUDAH ST,62.0,16.5,25.75,28.45,32.45,2.0
7681000,"LINESTRING (-122.50378547842567 37.76051913927559, -122.50485672263437 37.76047179122974)",25,JUDAH ST,31.5,6.0,23.02,28.27,33.67,3.0
7689000,"LINESTRING (-122.44884464152584 37.72836894416822, -122.45111256024691 37.72835755064325)",0,JUDSON AVE,59.58,22.03,25.55,29.27,33.12,1.0
7706101,"LINESTRING (-122.47156934115623 37.734706810838965, -122.47144842561963 37.73458976399803, -122.47150754508387 37.73322896573217, -122.47158522860025 37.73216922025709, -122.47164164954363 37.73110562963544, -122.47179743560136 37.731032354843954)",35,JUNIPERO SERRA BLVD,52.0,13.0,34.75,38.59,43.35,16.0
6579201,"LINESTRING (-122.42395924292165 37.76316782449088, -122.42399553325927 37.76303269259282, -122.42392656317257 37.762341012670944)",25,GUERRERO ST,77.5,32.5,28.08,29.9,33.92,16.0
7658000,"LINESTRING (-122.48127843029363 37.76151166950354, -122.48235210013017 37.761464420727684)",25,JUDAH ST,53.0,11.0,25.12,28.32,33.36,12.0
7667000,"LINESTRING (-122.49092290948157 37.76108689087031, -122.49199747299575 37.76103951379645)",25,JUDAH ST,61.0,19.0,25.7,28.68,32.39,0.0
7606000,"LINESTRING (-122.436238357197 37.73238238762864, -122.43746203562247 37.73237740531813)",0,JOOST AVE,50.19,10.33,24.37,28.31,33.38,17.0
7607000,"LINESTRING (-122.43746203562247 37.73237740531813, -122.43974776011446 37.73236806393756)",0,JOOST AVE,52.69,12.42,24.48,28.39,32.9,10.0
7612000,"LINESTRING (-122.44729678261373 37.73233344005341, -122.44886865892148 37.73232631565995)",0,JOOST AVE,32.97,9.42,21.87,28.79,33.25,4.0
7548000,"LINESTRING (-122.5095150090006 37.77004149881091, -122.50939527658153 37.76998334277028, -122.50900460332468 37.769753602090276, -122.50863263071666 37.76950447678548, -122.5082766694169 37.76923392277819)",25,JOHN F KENNEDY DR,83.0,49.5,29.42,30.98,33.67,0.0
7542000,"LINESTRING (-122.48980436132878 37.77089456522585, -122.49018064431459 37.77095226438031, -122.49069434928941 37.77097760178645, -122.49112921180833 37.770950131712674, -122.49185035278082 37.77082130456169, -122.4924280364321 37.770694896951696, -122.49313629189217 37.77047740822145, -122.49361838578706 37.77031095325779, -122.493823451175 37.77028284605511)",25,JOHN F KENNEDY DR,85.5,41.5,28.72,29.95,33.08,0.0
7305000,"LINESTRING (-122.48677042552694 37.76313686713914, -122.48783871367142 37.763089769510486)",25,IRVING ST,47.56,11.18,23.69,28.34,32.68,16.0
7317000,"LINESTRING (-122.49855529848938 37.76261677389594, -122.49962745407086 37.76256939811561)",25,IRVING ST,18.35,1.13,20.41,27.39,33.3,1.0
7251000,"LINESTRING (-122.392981538841 37.71911364144198, -122.39485204889448 37.72017522193161)",25,INGERSON AVE,37.93,13.36,22.28,31.13,38.74,0.0
7260000,"LINESTRING (-122.38696169184333 37.73835882288856, -122.38883452187866 37.739421939173475)",0,INNES AVE,43.79,14.91,22.41,29.36,33.92,15.0
7205103,"LINESTRING (-122.40307582459772 37.738990416233676, -122.404073374529 37.73871289514307, -122.40425798467238 37.738712584734756)",30,INDUSTRIAL ST,68.0,27.0,31.7,34.28,37.74,0.0
7077000,"LINESTRING (-122.38404650878233 37.73751421647589, -122.38428591849717 37.737762198627735, -122.38462019466452 37.73797442132713, -122.38639890536173 37.738983050623986)",0,HUDSON AVE,75.45,41.39,28.27,30.96,34.21,8.0
7094000,"LINESTRING (-122.37697385569244 37.73361634370127, -122.37687293853425 37.73439698621576, -122.37684437548559 37.734503789160364)",35,HUNTERS POINT BLVD,68.0,29.5,37.1,39.93,43.76,0.0
6997101,"LINESTRING (-122.47606966974865 37.72077994709784, -122.47616279792105 37.72074204783204, -122.47702085905692 37.720772801104665)",25,HOLLOWAY AVE,48.48,15.16,23.92,28.81,32.78,0.0
6866000,"LINESTRING (-122.4488604558157 37.73069018924841, -122.45114081101607 37.730681109570064)",0,HEARST AVE,26.28,5.67,20.2,28.21,32.61,5.0
6834000,"LINESTRING (-122.45262384415005 37.77310613370119, -122.45428511653836 37.77289517815897)",0,HAYES ST,18.26,3.72,19.61,28.76,35.66,22.0
6859000,"LINESTRING (-122.46448421463268 37.72168000903705, -122.46443475993854 37.72190781858086, -122.46429367062407 37.72211373946706, -122.4639815692397 37.722327034641985)",0,HEAD ST,32.37,4.97,22.11,28.12,34.29,0.0
6862000,"LINESTRING (-122.43973734577543 37.73073290671708, -122.44201566375494 37.73072176792805)",0,HEARST AVE,42.42,9.32,22.66,28.29,32.88,8.0
6732000,"LINESTRING (-122.40851633075071 37.77375969975054, -122.40968304102972 37.77283775733922)",30,HARRISON ST,18.0,0.0,25.1,32.0,0.0,8.0
6766000,"LINESTRING (-122.4340623874469 37.762550824773925, -122.4339035793351 37.7609547387991)",0,HARTFORD ST,8.87,1.79,14.79,29.08,37.29,9.0
360000,"LINESTRING (-122.46417202266807 37.76413086992194, -122.46404200535154 37.762268848891686)",0,7TH AVE,66.08,23.36,25.84,29.06,32.82,16.0
363000,"LINESTRING (-122.46378152808614 37.75853818102822, -122.46365767130514 37.756764108298874)",0,7TH AVE,97.0,76.0,32.72,33.05,34.72,4.0
323000,"LINESTRING (-122.46310199460855 37.764177827519696, -122.46297200086161 37.76231576933738)",0,6TH AVE,25.08,2.81,21.24,27.71,33.31,29.0
6578101,"LINESTRING (-122.42410268392302 37.76478345224182, -122.42404075676951 37.76463280947461, -122.42398155372634 37.763965997117936)",25,GUERRERO ST,62.6,25.13,25.86,29.53,33.3,18.0
6582101,"LINESTRING (-122.42348853133687 37.758364548622716, -122.4234353599617 37.75828312137068, -122.423367257003 37.75757006311781)",25,GUERRERO ST,58.0,18.5,25.75,29.07,33.49,29.0
6590101,"LINESTRING (-122.42238353610776 37.747171915075015, -122.42230676473228 37.747031492622945, -122.42225735336068 37.74649871288904, -122.42231065498432 37.74637651993133)",25,GUERRERO ST,49.0,12.5,24.92,28.58,33.2,22.0
6432101,"LINESTRING (-122.51129492511467 37.77507596092764, -122.51121138887777 37.77498140184525, -122.51113224803261 37.7741921626912, -122.51118267192281 37.773569063829434, -122.5112058403324 37.773016623533955, -122.51128210196944 37.772959944103796)",35,GREAT HWY,21.0,7.5,31.3,39.02,42.67,0.0
6434101,"LINESTRING (-122.51105375567451 37.77134249965404, -122.51093501146903 37.77117968746171, -122.5108597101569 37.770561876659166, -122.5109259470413 37.77043567586435)",35,GREAT HWY,53.5,13.5,35.04,38.62,43.41,0.0
6435101,"LINESTRING (-122.5109259470413 37.77043567586435, -122.51083358388001 37.77030317356958, -122.51076382859313 37.76970261510999, -122.51064283365878 37.76892757329371, -122.51029481683658 37.76724085838649, -122.51023266937932 37.76657741018473, -122.5102259908711 37.765986849698464, -122.51024148320391 37.76544205803968, -122.51031258935058 37.76463093488477, -122.51030714294158 37.7641728342164, -122.51034131916529 37.76400083325617)",35,GREAT HWY,83.0,49.5,29.42,30.98,33.67,0.0
6330000,"LINESTRING (-122.42429481284258 37.78339985847708, -122.42468704034845 37.78533462216716)",25,GOUGH ST,68.0,20.0,26.75,29.06,34.0,0.0
6335000,"LINESTRING (-122.42523650087367 37.788070188259255, -122.4253305136906 37.78853628072198)",25,GOUGH ST,72.0,33.0,27.8,30.06,33.67,11.0
6319000,"LINESTRING (-122.42297814898782 37.7768835267991, -122.42307323009466 37.777349481576316)",25,GOUGH ST,4.0,0.0,18.65,27.0,0.0,26.0
6263000,"LINESTRING (-122.41550517789685 37.78165426160358, -122.41714561225355 37.78144749488264)",25,GOLDEN GATE AVE,24.0,2.0,22.2,27.42,32.0,14.0
6270000,"LINESTRING (-122.43023323643874 37.77978279419356, -122.43195180217045 37.77956414892888)",30,GOLDEN GATE AVE,34.0,3.0,27.95,32.44,37.0,4.0
6278000,"LINESTRING (-122.44186564091868 37.77829955367993, -122.4435069201783 37.778089213444304)",25,GOLDEN GATE AVE,55.5,14.5,25.4,28.49,32.69,5.0
6156000,"LINESTRING (-122.45113527466097 37.729872185521835, -122.45114081101607 37.730681109570064)",0,GENNESSEE ST,17.57,1.56,21.0,27.68,34.68,9.0
6145101,"LINESTRING (-122.43536086535406 37.71384364822902, -122.43520850266891 37.71382569096795, -122.43462016195681 37.71356178574302, -122.43454112646963 37.7134759475051)",25,GENEVA AVE,87.5,46.0,29.32,30.37,33.41,6.0
6148101,"LINESTRING (-122.43192723590839 37.71276659695356, -122.43181393631782 37.71279268476787, -122.42967883281796 37.71235516647067, -122.42935616817647 37.71228841885989, -122.428807806297 37.71212575191585, -122.42825014800869 37.711887169177054, -122.42695714016597 37.71130726369489, -122.42643774320652 37.71111253933171, -122.42551150116016 37.7107894271359, -122.42504046301167 37.71054333458639, -122.4245553379074 37.7101722852861, -122.42455038827923 37.71010186038275)",35,GENEVA AVE,77.0,33.5,37.76,39.7,43.21,0.0
6151101,"LINESTRING (-122.42226516187985 37.708927357337046, -122.42217465956904 37.708949946495046, -122.42167414713978 37.708809215735776, -122.42161732986952 37.708743054461046)",35,GENEVA AVE,44.5,10.5,33.88,38.29,42.48,2.0
6079101,"LINESTRING (-122.4815157225421 37.78022581890925, -122.48164187070562 37.7801608008637, -122.48247214149227 37.78012452319975, -122.48259152868523 37.780189471461995)",25,GEARY BLVD,50.0,13.0,24.72,28.45,32.58,9.0
6083101,"LINESTRING (-122.48580757599662 37.780037953191446, -122.48593105451107 37.779968916379126, -122.48675615500134 37.779930667747514, -122.48687804721833 37.77999353993228)",25,GEARY BLVD,58.0,20.5,25.85,28.94,32.49,13.0
6087101,"LINESTRING (-122.49009657890443 37.77983983301643, -122.49020743524177 37.77977709250419, -122.49106299098317 37.7797301830331, -122.49116704472851 37.77979538169589)",30,GEARY BLVD,42.5,12.5,28.82,33.47,37.0,8.0
6095101,"LINESTRING (-122.49866461865165 37.779455467908264, -122.49877307387062 37.77939884691853, -122.49961589613349 37.77935594116155, -122.49973047270504 37.77940342494199)",30,GEARY BLVD,64.5,21.0,31.4,34.17,38.67,11.0
6067101,"LINESTRING (-122.46962703119993 37.78076873890197, -122.46973789327942 37.78070248595228, -122.47057812413597 37.780662959770176, -122.47071674973014 37.780723353523804)",25,GEARY BLVD,87.0,42.5,29.15,30.22,33.59,3.0
6071101,"LINESTRING (-122.47284399422975 37.78063078715325, -122.47294105874848 37.780555577647156, -122.47383763352832 37.78051490857319, -122.47398247033507 37.78057538203288)",25,GEARY BLVD,39.5,11.5,24.18,29.03,33.96,10.0
6039101,"LINESTRING (-122.42468704034845 37.78533462216716, -122.42481582708857 37.78526713007782, -122.42643012665205 37.78506173804168)",35,GEARY BLVD,18.5,4.5,30.32,38.7,44.0,0.0
6042101,"LINESTRING (-122.43456209904666 37.78415186339116, -122.43465873401834 37.7840797600944, -122.43526812634688 37.783958369987786, -122.43772060364354 37.78365616865418, -122.43784794344232 37.78371763783057)",35,GEARY BLVD,46.0,16.0,34.52,39.01,42.78,1.0
6045101,"LINESTRING (-122.44279310007411 37.78288533640762, -122.44289423415677 37.782808826144276, -122.4444314728419 37.782569696555875)",35,GEARY BLVD,11.5,2.5,29.1,38.3,43.0,2.0
6050101,"LINESTRING (-122.45214312438057 37.781853291452784, -122.45221938240253 37.7817771289883, -122.45307662319101 37.78166640464267, -122.45317038806652 37.781717428640405)",25,GEARY BLVD,80.0,36.5,28.4,30.06,33.71,3.0
5906000,"LINESTRING (-122.4562836392552 37.77455471217783, -122.45837109981429 37.77430889539707)",30,FULTON ST,51.5,21.0,30.38,34.43,37.95,0.0
5909000,"LINESTRING (-122.46055266135066 37.77403113394318, -122.4616197560318 37.773895253800724)",35,FULTON ST,55.0,24.0,35.52,39.75,43.31,1.0
5917000,"LINESTRING (-122.46909249631335 37.77325671216508, -122.47016269283144 37.7732095103198)",35,FULTON ST,23.88,3.98,31.73,38.04,43.25,6.0
5927000,"LINESTRING (-122.47883695131588 37.77281456848013, -122.47990458076414 37.772765580789844)",35,FULTON ST,51.0,14.5,34.55,38.72,43.03,0.0
5940000,"LINESTRING (-122.49276138516981 37.77217853092478, -122.49383247951299 37.77212966192582)",35,FULTON ST,57.29,20.6,35.62,39.06,42.73,1.0
5952000,"LINESTRING (-122.50561114718283 37.771591606712185, -122.5066853144761 37.77154247914793)",35,FULTON ST,39.5,9.0,33.5,38.27,42.56,3.0
5900000,"LINESTRING (-122.44970782691107 37.77538994154085, -122.45135765427334 37.775175120583725)",25,FULTON ST,86.14,53.47,30.12,31.43,34.13,0.0
5828000,"LINESTRING (-122.4243405167966 37.791965369132306, -122.42451795077857 37.79284141433876)",0,FRANKLIN ST,59.0,13.0,25.65,28.36,33.15,4.0
5835000,"LINESTRING (-122.42562550392496 37.798343536771064, -122.42581353103078 37.799275671098876)",0,FRANKLIN ST,78.0,30.0,27.5,29.12,32.5,6.0
5808000,"LINESTRING (-122.42208679290447 37.78082104802861, -122.42218671063422 37.78128638725447)",0,FRANKLIN ST,59.0,18.0,25.8,28.95,33.39,11.0
5723101,"LINESTRING (-122.48230562055616 37.72178468659786, -122.48250108683251 37.72185762025364, -122.48256852710118 37.72194770675913, -122.48343053842385 37.722691979015565, -122.48368081785424 37.72274680037494, -122.48375404864682 37.72292711889702, -122.48490226122237 37.72392135892354, -122.48507517818106 37.7239997270229)",25,FONT BLVD,29.86,3.9,22.13,27.7,32.38,0.0
5730000,"LINESTRING (-122.4306501767196 37.761954408272025, -122.43287139447732 37.76182051801657)",0,FORD ST,7.87,1.52,17.14,27.97,32.0,4.0
5662000,"LINESTRING (-122.39893033118082 37.783784933794145, -122.4003743671581 37.78264451619541)",30,FOLSOM ST,41.0,14.0,29.3,33.95,37.71,0.0
5667000,"LINESTRING (-122.40561526669445 37.778505104812936, -122.4061504239323 37.778082382231005)",30,FOLSOM ST,68.0,23.5,26.75,29.17,33.28,8.0
5668000,"LINESTRING (-122.4061504239323 37.778082382231005, -122.40643633580301 37.77785653804524)",30,FOLSOM ST,16.67,0.98,25.63,32.29,37.0,6.0
5679000,"LINESTRING (-122.4116101167134 37.77376934641462, -122.41222500615632 37.773284780710696)",30,FOLSOM ST,19.0,1.0,25.2,32.53,42.0,20.0
5639000,"LINESTRING (-122.4488494360301 37.72907259684092, -122.44885495225066 37.7298823077506)",0,FOERSTER ST,20.8,2.3,21.51,28.16,37.5,11.0
5651000,"LINESTRING (-122.39097101651542 37.79006980045619, -122.39185829032071 37.78936926773971)",30,FOLSOM ST,2.35,0.4,18.76,34.67,47.5,6.0
5607000,"LINESTRING (-122.44429130416849 37.72989686082106, -122.44656880175853 37.72989248837472)",0,FLOOD AVE,49.69,15.89,23.52,29.05,33.42,12.0
5446000,"LINESTRING (-122.42936585970072 37.77511118046312, -122.43101153840207 37.77490283135204)",30,FELL ST,5.94,0.0,25.51,32.0,0.0,10.0
5451000,"LINESTRING (-122.4376106240872 37.77406164642898, -122.43927679828208 37.77384711967335)",30,FELL ST,18.71,3.13,25.43,32.96,37.74,5.0
5457000,"LINESTRING (-122.4474972447278 37.772790453699194, -122.44914317322747 37.77257891662783)",30,FELL ST,55.0,21.0,31.08,35.24,40.48,1.0
5357000,"LINESTRING (-122.44817950772692 37.7800475087231, -122.44827360167403 37.780507678744215, -122.44901056853969 37.78041456968077)",0,EWING TER,1.45,0.0,16.42,27.0,0.0,28.0
5292000,"LINESTRING (-122.45101214717671 37.78427527351436, -122.45187543653878 37.78412674216783)",25,EUCLID AVE,66.37,19.96,25.85,28.66,32.5,0.0
5246000,"LINESTRING (-122.48841873588903 37.73764357620213, -122.48857808491472 37.73769445284684, -122.48902284616177 37.73796968799952, -122.48926699303493 37.73799996201332, -122.48976684519336 37.73797817901067, -122.48997093859626 37.73795698323059)",0,ESCOLTA WAY,2.35,0.47,16.46,28.0,32.0,13.0
5101000,"LINESTRING (-122.44657347621975 37.73069925134554, -122.44657840072118 37.731549047312946)",0,EDNA ST,0.91,0.39,16.6,31.29,37.0,20.0
5091000,"LINESTRING (-122.43318514322128 37.71968063717436, -122.43435449920969 37.71812520535604)",0,EDINBURG ST,7.37,1.13,17.3,27.96,33.25,7.0
5012000,"LINESTRING (-122.44294948024758 37.745146212343585, -122.44321168326245 37.74536644551627, -122.44335904354544 37.74560902830263, -122.44337398936665 37.74589849011671)",0,DUNCAN ST,67.12,24.44,26.22,29.35,33.44,0.0
4886101,"LINESTRING (-122.42453896527162 37.74543571744425, -122.42444388703396 37.74532854126022, -122.42438926105814 37.744751760282206, -122.42445920823782 37.74463599858761)",25,DOLORES ST,87.56,47.26,29.61,30.72,33.89,19.0
4871101,"LINESTRING (-122.42592030199836 37.75982961336066, -122.42582228794758 37.75970999079357, -122.4257690500568 37.75915438465867, -122.42584342243038 37.759029397545646)",25,DOLORES ST,83.5,36.5,28.3,29.57,32.89,16.0
4875101,"LINESTRING (-122.42561221590675 37.75663138279489, -122.42552802250336 37.75654879070582, -122.42538638789014 37.75512244957267, -122.42545718012391 37.75502907908973)",25,DOLORES ST,90.5,54.0,30.12,30.98,33.67,9.0
4775101,"LINESTRING (-122.44340368321868 37.7465576721171, -122.44332402804075 37.746601756156025, -122.44318942738526 37.74663079811166, -122.44239533615104 37.74688619559618, -122.44224379456622 37.74688477481139)",30,DIAMOND HEIGHTS BLVD,25.57,2.53,27.4,32.54,37.5,0.0
4775201,"LINESTRING (-122.44340368321868 37.7465576721171, -122.4432949085106 37.74650846555262, -122.44314976010995 37.74654863674748, -122.44235386925158 37.746804497968284, -122.44224379456622 37.74688477481139)",30,DIAMOND HEIGHTS BLVD,22.0,2.0,26.92,32.45,37.0,0.0
4778101,"LINESTRING (-122.43768292519675 37.74360858397706, -122.43751445308799 37.74359393262826, -122.43722664169985 37.7434210249005, -122.43647249243705 37.74288566406025, -122.43609836668772 37.742519404642714, -122.43580030827559 37.74210451246949, -122.4355837860475 37.74161226194688, -122.43562104627769 37.74153426339738)",30,DIAMOND HEIGHTS BLVD,74.5,26.0,32.28,34.32,38.63,15.0
4781101,"LINESTRING (-122.43668035259819 37.73875232641689, -122.43666957514331 37.73869363731145, -122.43692524908958 37.738411034060896, -122.43730912537369 37.73827451195408, -122.43739820438411 37.73828796894303)",30,DIAMOND HEIGHTS BLVD,60.93,18.57,30.7,33.78,37.83,4.0
4735000,"LINESTRING (-122.4613810975894 37.74556949790726, -122.46368599563952 37.74374940984558)",25,DEWEY BLVD,85.03,45.91,28.45,30.11,32.75,5.0
4761000,"LINESTRING (-122.4361348440344 37.73836719249354, -122.4356138583993 37.73859720054187)",0,DIAMOND ST,17.73,2.95,20.75,28.68,37.12,9.0
4563000,"LINESTRING (-122.42876638552536 37.734767945871305, -122.42874364548946 37.734625580249954)",0,CUVIER ST,100.0,100.0,47.14,47.14,47.14,9.0
4515000,"LINESTRING (-122.48152683291602 37.73520295103078, -122.48223501787166 37.73538665633936, -122.48240596414695 37.73541152928309)",0,CRESTLAKE DR,0.0,0.0,16.27,0.0,0.0,0.0
4520000,"LINESTRING (-122.48597549032704 37.734994364766855, -122.4863223633827 37.73500314271739, -122.48674684290035 37.7350340268727, -122.48770124056493 37.73517245740949, -122.48842584938117 37.73516700075285)",0,CRESTLAKE DR,49.67,15.47,23.68,28.78,32.7,0.0
4522000,"LINESTRING (-122.49027010847617 37.73560633701221, -122.49046067423627 37.73584227476227, -122.49052148591286 37.73602887328581, -122.49055274919252 37.73625159704688, -122.49068626671331 37.736541968574045, -122.49116250874899 37.73715778229703, -122.49121145214833 37.73722106918796, -122.49133489929211 37.7372930231154)",0,CRESTLAKE DR,40.06,7.49,23.45,28.29,33.91,0.0
4490000,"LINESTRING (-122.41809924392813 37.734952015766936, -122.41747882885178 37.73492102035416)",0,CRESCENT AVE,15.56,2.98,20.12,28.91,36.95,29.0
4427000,"LINESTRING (-122.41589947973462 37.739001869689304, -122.4151836270169 37.738932912874375)",25,CORTLAND AVE,4.5,0.0,19.12,27.0,0.0,31.0
4432000,"LINESTRING (-122.41265698574517 37.739311471329586, -122.41199163800968 37.739710009402174)",25,CORTLAND AVE,9.5,1.0,20.7,27.53,32.0,32.0
4436000,"LINESTRING (-122.41050654081938 37.739778789987476, -122.41011472246733 37.739755136147664)",25,CORTLAND AVE,28.5,4.0,22.7,27.79,32.62,14.0
4392000,"LINESTRING (-122.44376167192426 37.75274725193051, -122.44377276521593 37.75264691847283, -122.44371924740022 37.75248886727607, -122.44361010450727 37.75231186054559)",0,CORBETT AVE,43.46,7.09,23.67,28.04,33.38,0.0
4418000,"LINESTRING (-122.42085632970901 37.74022084805126, -122.42027504459323 37.739984557465554)",25,CORTLAND AVE,53.0,12.5,24.8,28.18,32.0,23.0
4337000,"LINESTRING (-122.442027054266 37.73235684033022, -122.44203261784942 37.73302585837976, -122.44200231911174 37.7330979558661)",0,CONGO ST,4.63,0.93,18.45,28.71,35.48,24.0
4360000,"LINESTRING (-122.48842584938117 37.73516700075285, -122.48845828351124 37.735039491521626, -122.48852210051875 37.734860714760636, -122.48857550931581 37.734763677487244)",0,CONSTANSO WAY,15.15,0.43,20.93,27.14,32.0,0.0
4290000,"LINESTRING (-122.40551293561136 37.79706459044631, -122.40622643763088 37.79755881022253)",25,COLUMBUS AVE,29.0,4.5,22.42,27.86,32.56,6.0
4299000,"LINESTRING (-122.41254127823896 37.80193063657357, -122.41290808538045 37.8021837711798)",25,COLUMBUS AVE,71.0,25.5,26.9,29.39,33.67,11.0
4214000,"LINESTRING (-122.43163957927932 37.74902821430418, -122.43385110326406 37.74889597202041)",25,CLIPPER ST,70.0,20.0,26.5,28.54,32.38,5.0
4216000,"LINESTRING (-122.43606717302481 37.74876203523136, -122.43813980389795 37.74863672992858, -122.43824612574964 37.748664500854744)",25,CLIPPER ST,18.6,5.61,29.33,38.99,43.62,7.0
4217000,"LINESTRING (-122.43824612574964 37.748664500854744, -122.44069329943824 37.74863903944002, -122.44140809556642 37.74861001357472, -122.44191670188653 37.74847439111833, -122.44251900874892 37.74818321591593)",35,CLIPPER ST,41.7,10.31,33.79,38.4,42.65,9.0
4186000,"LINESTRING (-122.49665988470115 37.7814772943677, -122.49880133425961 37.78137719207507)",25,CLEMENT ST,92.5,60.0,30.68,31.38,33.75,12.0
4188000,"LINESTRING (-122.49987057073021 37.781327196164206, -122.50094505083086 37.78127694480536)",25,CLEMENT ST,83.5,39.5,28.6,29.9,33.14,12.0
4071000,"LINESTRING (-122.45407763952097 37.75702697685566, -122.4540948849931 37.75693188904034, -122.4541720610169 37.756506875849894, -122.45425044921865 37.75634705653928, -122.45452461704305 37.75596297884459, -122.45482097949542 37.75554652435426, -122.45505238902491 37.75511628894808)",35,CLARENDON AVE,68.5,28.0,36.7,39.64,43.45,0.0
4076000,"LINESTRING (-122.45644843337575 37.75148331313654, -122.45703195497765 37.751401500855344, -122.45898510117608 37.75194603618826, -122.46066796818337 37.75181387231747, -122.461159588507 37.75169349985194, -122.4615236032018 37.751503561063856)",35,CLARENDON AVE,57.5,18.5,35.45,38.91,42.95,0.0
4060000,"LINESTRING (-122.46368599563952 37.74374940984558, -122.46380395890637 37.74292725604838)",0,CLAREMONT BLVD,71.56,23.84,26.57,28.83,32.5,1.0
3875000,"LINESTRING (-122.4392550161055 37.80408109168495, -122.44050703447294 37.80475650486504)",25,CERVANTES BLVD,45.66,8.94,23.49,28.07,32.46,7.0
3671000,"LINESTRING (-122.41873444890209 37.76673948116907, -122.41863361657893 37.7656862335342)",0,CAPP ST,13.48,3.48,16.27,30.28,39.7,13.0
3597000,"LINESTRING (-122.47965091763034 37.784125354904134, -122.48072530654008 37.784076607833406)",25,CALIFORNIA ST,58.5,13.0,25.55,28.2,32.38,6.0
3559000,"LINESTRING (-122.43548556402446 37.78869694019118, -122.43712919541457 37.78848786226459)",25,CALIFORNIA ST,77.5,41.0,28.3,30.13,32.91,2.0
3564000,"LINESTRING (-122.44375326642079 37.78764720994296, -122.44540219819301 37.787438165590856)",25,CALIFORNIA ST,66.0,21.5,26.38,28.89,32.81,1.0
3576000,"LINESTRING (-122.45806191702822 37.78582427846528, -122.45917876636727 37.785681691504344)",25,CALIFORNIA ST,53.0,21.0,25.32,29.41,33.07,1.0
3578000,"LINESTRING (-122.4603082450318 37.78553855506754, -122.46136866439615 37.785403134567105)",25,CALIFORNIA ST,73.5,28.5,27.52,29.65,33.84,7.0
3582000,"LINESTRING (-122.46457215937197 37.78499397284595, -122.46563231184479 37.78485253319135)",25,CALIFORNIA ST,32.9,6.12,22.38,28.73,36.31,1.0
3456000,"LINESTRING (-122.43839388419792 37.786391675502166, -122.44006119950727 37.78617958337138)",30,BUSH ST,12.0,1.0,25.95,32.42,37.0,3.0
3448000,"LINESTRING (-122.42686464320015 37.78786244285891, -122.42852501120417 37.78765056179609)",30,BUSH ST,15.0,3.0,26.15,33.0,37.0,8.0
3365000,"LINESTRING (-122.43930139969066 37.768165524852186, -122.44013746389169 37.767756871786496, -122.44060428862197 37.7669545115229, -122.44193825840289 37.76595284488022, -122.44200945777327 37.76590709371767, -122.44216661052326 37.765887824581824, -122.4423609703688 37.76588462193868, -122.44257524425028 37.765928284255494)",25,BUENA VISTA AVE,47.6,12.77,23.63,28.42,32.27,0.0
3368000,"LINESTRING (-122.44369460369785 37.76695428617768, -122.44376351243737 37.767066558966185, -122.44386581516531 37.76753585213754)",25,BUENA VISTA AVE,25.56,4.9,21.09,28.13,32.91,11.0
3370000,"LINESTRING (-122.44335605500396 37.76894423468451, -122.44316714867887 37.76903664210551, -122.44241097886278 37.76949334300727, -122.44238443965467 37.769599921793855, -122.44250605292247 37.769685989791284, -122.44264684889981 37.769690367371574, -122.44276519419931 37.76966128296591)",25,BUENA VISTA AVE,12.99,2.04,17.29,28.58,37.07,0.0
3362000,"LINESTRING (-122.44035770477673 37.77084743395925, -122.44026260821825 37.77072526152126, -122.43967260681787 37.77054299030804, -122.43946081558913 37.770405837652994, -122.43925429241858 37.77002493004547)",25,BUENA VISTA AVE,41.58,8.55,23.61,28.92,36.32,5.0
3285000,"LINESTRING (-122.39805994016146 37.77956691079729, -122.40029775939792 37.77779901106437)",30,BRYANT ST,42.0,16.0,29.1,34.26,37.94,11.0
3297000,"LINESTRING (-122.40696828976178 37.77252627000339, -122.40750194319413 37.77210439254869)",30,BRYANT ST,26.73,5.94,26.26,33.3,37.83,4.0
3276098,"LINESTRING (-122.3896366401541 37.78622377722927, -122.38966571794546 37.78611978385217, -122.39023011487569 37.78567287866372)",30,BRYANT ST,19.11,4.17,21.88,33.86,40.53,4.0
3240101,"LINESTRING (-122.46707269078071 37.71242187136188, -122.46720112809442 37.71236137487374, -122.46800885666221 37.71233648729601, -122.4687478247436 37.712415682810565, -122.47002761344693 37.71266922201892, -122.47058106389976 37.71270439845793)",35,BROTHERHOOD WAY,5.5,2.0,36.38,49.91,55.0,0.0
3046000,"LINESTRING (-122.40951468568467 37.72343034859375, -122.40901985179683 37.72222972093424)",0,BOWDOIN ST,26.71,6.09,21.24,28.26,32.53,1.0
3030101,"LINESTRING (-122.43667288947653 37.734040174436686, -122.43677569047443 37.73402036450728, -122.4375289770467 37.73416949182268)",25,BOSWORTH ST,100.0,84.0,33.3,33.3,34.5,12.0
2801202,"LINESTRING (-122.40711404636023 37.739059764197044, -122.40706890588757 37.738553586231916, -122.4070544853896 37.73845788652705)",35,BAY SHORE BLVD,32.0,10.0,32.72,38.88,43.0,1.0
2801203,"LINESTRING (-122.4070544853896 37.73845788652705, -122.40699970363497 37.73809434121318, -122.40691050393404 37.737965866694935)",35,BAY SHORE BLVD,70.5,27.0,37.2,39.79,44.3,1.0
2811000,"LINESTRING (-122.40187511783571 37.72696475903178, -122.40182242611229 37.726775260927006)",35,BAY SHORE BLVD,66.5,28.0,36.95,39.86,43.79,9.0
2822104,"LINESTRING (-122.39975545016515 37.71385775919761, -122.40001668944927 37.71358403932242)",35,BAY SHORE BLVD,50.5,13.0,34.59,38.66,43.46,4.0
2786000,"LINESTRING (-122.4267555427347 37.803936417350904, -122.42840027475881 37.80372712964824)",25,BAY ST,67.5,26.5,27.0,29.48,33.32,0.0
2790000,"LINESTRING (-122.433327956314 37.80305688488462, -122.43497257678992 37.80284751488111)",25,BAY ST,90.73,45.37,29.56,30.33,33.67,0.0
2767000,"LINESTRING (-122.40161548401365 37.80138107632712, -122.40179364571053 37.80231057928314)",25,BATTERY ST,44.0,9.0,24.1,28.14,32.56,0.0
2772000,"LINESTRING (-122.40714628167004 37.80642781420816, -122.40948739952917 37.80613183434212)",25,BAY ST,82.0,43.5,28.98,30.51,33.61,0.0
2776000,"LINESTRING (-122.41360416769697 37.80561847993699, -122.41524148543333 37.80541717200555)",25,BAY ST,50.5,11.5,24.95,28.34,32.87,0.0
2671000,"LINESTRING (-122.48553232908063 37.77625245796717, -122.48660308064446 37.77620375171336)",25,BALBOA ST,49.2,10.49,24.44,28.38,33.49,14.0
2672000,"LINESTRING (-122.48660308064446 37.77620375171336, -122.48766944209945 37.77615523490596)",25,BALBOA ST,51.0,8.5,24.65,27.93,32.59,16.0
2679000,"LINESTRING (-122.49410397945907 37.775862147167466, -122.49517485372336 37.775813278786536)",25,BALBOA ST,29.5,3.0,22.88,27.51,32.0,6.0
2686000,"LINESTRING (-122.50159788821986 37.77551996131719, -122.50267097036193 37.77547056807222)",25,BALBOA ST,39.5,8.5,23.92,28.27,32.88,13.0
2635000,"LINESTRING (-122.44597388715628 37.79862601894016, -122.44616109059561 37.799556099087965)",0,BAKER ST,26.08,2.05,21.58,27.47,32.93,4.0
2485101,"LINESTRING (-122.41148412876001 37.74829828682542, -122.41161829316036 37.74824047463492, -122.41352888261481 37.74820224633779, -122.41366884452145 37.74825532924114)",25,CESAR CHAVEZ ST,37.5,10.0,23.45,28.47,32.5,21.0
2470000,"LINESTRING (-122.38947801803371 37.7501451079957, -122.39043303767161 37.750118341124285)",30,CESAR CHAVEZ ST,22.0,3.0,25.45,32.91,38.67,15.0
2477000,"LINESTRING (-122.39728541567547 37.74968462291874, -122.4020616344515 37.74939667927912)",30,CESAR CHAVEZ ST,56.94,27.78,31.04,35.48,39.13,7.0
2422000,"LINESTRING (-122.45899840096205 37.78318866479406, -122.45885866095128 37.78125706086356)",0,ARGUELLO BLVD,62.0,16.0,25.68,28.29,32.0,0.0
2424000,"LINESTRING (-122.45873162264377 37.779333158827605, -122.45863789636674 37.77800834962804)",0,ARGUELLO BLVD,65.83,28.64,26.8,29.52,32.79,5.0
2308000,"LINESTRING (-122.44981744738504 37.78075200592567, -122.45084384775768 37.78062231484553)",25,ANZA ST,94.5,58.5,30.45,30.99,33.45,31.0
2316000,"LINESTRING (-122.45687158752487 37.77959131315743, -122.4577458254485 37.77947877070204)",25,ANZA ST,90.5,49.0,29.58,30.37,33.22,13.0
2182101,"LINESTRING (-122.46378494355014 37.711527137665236, -122.46391644528491 37.71148705356423, -122.46437564518855 37.71158557141749, -122.46462221950783 37.711638471907094, -122.46516266983478 37.711705580700105, -122.4652702826011 37.711762059069166)",35,ALEMANY BLVD,49.5,16.0,34.74,39.05,43.34,13.0
2165101,"LINESTRING (-122.4359909454805 37.72671921991688, -122.43597517498824 37.72660771598876, -122.43627317683476 37.72605848563404)",35,ALEMANY BLVD,25.0,6.0,31.78,38.5,43.25,2.0
2168101,"LINESTRING (-122.43864176020357 37.72162638322008, -122.43863105328533 37.72153055691377, -122.43945109199224 37.72020529476349, -122.43964852862096 37.719915197823134, -122.44026045987553 37.719385036651765, -122.44119547975869 37.71865025380158, -122.44131776582509 37.71863405580449)",35,ALEMANY BLVD,51.0,15.0,35.01,38.87,43.37,5.0
2175101,"LINESTRING (-122.44895044319458 37.713886168249445, -122.44899195133559 37.713800122995, -122.44962952897461 37.71351061656225, -122.45008907817169 37.71328072812279, -122.45055086932634 37.71304270503364, -122.45088162204885 37.71282137024261, -122.45131521052119 37.71249040182394, -122.45180927968843 37.712093783288864, -122.45195477517434 37.71205569144547)",35,ALEMANY BLVD,69.0,25.0,36.9,39.36,43.52,4.0
2160101,"LINESTRING (-122.43119165775887 37.730567513195986, -122.43127739851849 37.7304813374694, -122.43237670113712 37.73016697954889, -122.43269925752531 37.73005616753402, -122.43313474284058 37.72985032107986, -122.43338684280366 37.7297755748991)",35,ALEMANY BLVD,25.0,3.5,31.52,37.8,42.71,3.0
2120000,"LINESTRING (-122.41065799766051 37.749490402105735, -122.41054606768031 37.74831671909034)",0,ALABAMA ST,15.86,2.09,19.76,28.06,35.03,8.0
1874000,"LINESTRING (-122.49803066867453 37.75515227788129, -122.49790252775009 37.75329568178986)",0,39TH AVE,52.46,18.55,24.17,29.11,32.96,4.0
1817000,"LINESTRING (-122.49354017385919 37.73670575702607, -122.49340696674177 37.73485612118955)",0,36TH AVE,78.21,43.73,28.17,30.69,33.6,5.0
1818000,"LINESTRING (-122.49340696674177 37.73485612118955, -122.49334544379091 37.734008529864276)",0,36TH AVE,10.8,1.57,19.97,29.21,42.19,1.0
1837000,"LINESTRING (-122.49510921435288 37.74406826731261, -122.49497949023427 37.742200795114336)",0,37TH AVE,65.42,26.31,26.34,29.99,34.43,0.0
1761000,"LINESTRING (-122.49133489929211 37.7372930231154, -122.4914523301659 37.73717206600959, -122.4913205183683 37.73532701866726)",0,34TH AVE,52.93,11.83,24.61,28.23,32.52,0.0
1784000,"LINESTRING (-122.4924709060276 37.73706903974439, -122.49233094506933 37.73504482592098)",0,35TH AVE,61.47,21.2,25.45,29.08,33.03,8.0
1592000,"LINESTRING (-122.48572724774846 37.748219782795225, -122.4855973197327 37.74635408609424)",0,28TH AVE,69.81,24.61,26.32,29.13,33.04,7.0
1471000,"LINESTRING (-122.48608870623241 37.783833480058355, -122.4859453278864 37.781974620430205)",0,26TH AVE,13.09,2.13,17.9,27.86,32.31,3.0
1373000,"LINESTRING (-122.48514793840462 37.78574601000698, -122.48501094387625 37.78388223560691)",25,25TH AVE,62.81,16.58,25.89,28.6,33.06,8.0
1377000,"LINESTRING (-122.48459523780328 37.77816583491059, -122.48446065163938 37.77630216687372)",25,25TH AVE,87.56,44.78,29.16,30.18,33.22,18.0
1203000,"LINESTRING (-122.42996167469457 37.754761230557705, -122.43217749044352 37.754627666277074)",0,22ND ST,42.79,11.24,22.46,28.57,32.99,6.0
1121000,"LINESTRING (-122.43011520441655 37.75636008315039, -122.431770265905 37.75626032364432)",0,21ST ST,15.26,2.46,19.1,27.99,33.11,7.0
1122000,"LINESTRING (-122.431770265905 37.75626032364432, -122.43233105849524 37.75622651616851)",0,21ST ST,42.42,9.55,22.52,28.58,34.0,8.0
1062000,"LINESTRING (-122.42805018562083 37.75808875658148, -122.43026851583812 37.75795456154282)",0,20TH ST,31.26,5.97,22.02,28.35,34.09,12.0
847000,"LINESTRING (-122.47449422387024 37.74123427237822, -122.47436458538408 37.73937137215725)",0,18TH AVE,59.11,18.02,25.12,28.92,33.3,16.0
761000,"LINESTRING (-122.4745937326176 37.75806092843664, -122.47446370579732 37.75620235017821)",0,17TH AVE,69.01,21.51,26.13,28.83,32.87,11.0
698000,"LINESTRING (-122.39079716923624 37.76680244183851, -122.392661868543 37.76669146042254)",30,16TH ST,42.0,15.0,28.8,34.08,37.83,0.0
702000,"LINESTRING (-122.39689710424506 37.76642996856741, -122.39786338582844 37.766369339314025)",0,16TH ST,94.0,60.5,30.75,31.39,33.82,3.0
713000,"LINESTRING (-122.40558529539535 37.765900401052065, -122.40655282560765 37.76584227113329)",0,16TH ST,72.0,21.0,26.82,28.77,33.07,4.0
663000,"LINESTRING (-122.43082439589438 37.76601373099769, -122.43103777930146 37.76599632954526)",0,15TH ST,66.5,20.0,26.48,28.95,33.5,22.0
471000,"LINESTRING (-122.4673832314509 37.76398988829961, -122.46725314130346 37.76212797885095)",0,10TH AVE,34.36,7.71,22.12,28.44,33.39,9.0
484000,"LINESTRING (-122.41590817904061 37.77527206017737, -122.41537160900855 37.7748440850259)",30,10TH ST,44.0,12.0,29.1,33.48,37.42,18.0
490000,"LINESTRING (-122.41127793723784 37.77157867720177, -122.4097358893344 37.770348516981045)",30,10TH ST,24.0,4.0,26.35,32.83,37.0,10.0
409000,"LINESTRING (-122.41160611273487 37.77622135626186, -122.41106944267237 37.775793804165126)",30,8TH ST,16.0,1.0,26.2,32.31,37.0,15.0
415000,"LINESTRING (-122.40851633075071 37.77375969975054, -122.40842923152168 37.77369030311381)",30,8TH ST,18.0,0.0,25.1,32.0,0.0,4.0
417000,"LINESTRING (-122.40542473456291 37.77129635368723, -122.40387770062367 37.770062866359126)",30,8TH ST,9.95,0.0,24.16,32.0,0.0,4.0
